"","","","","","","","","","","","","",""
"Sr no","User Id","User Name","Email","First name","Last Name","Address","City","House Number","Postal code","Telephone number","Created at","Status","Last Logged-in At"
"1","1","brooklyn65","kathryn.beer@example.org","Shawn","Adams","150 Yost Summit Apt. 473 North Raoul, SC 26058-5770","Greenholtside","976","19973","8734730178","2019-04-09 14:19:19","Active","09-Apr-2019 14:39"
"2","2","mikayla.pagac","marcia64@example.com","Alfred","Adams","73189 Barton Extensions Apt. 510 Horaciomouth, MD 19151","O'Harastad","654","3749","6977084840","2019-04-09 14:19:19","Active",""
"","Sr No","Field Name","Old Value","Modified Value","Modified By","","","","","","","",""
"","1","address","73189 Barton Extensions Apt. 510 Horaciomouth, MD 19151","73189 Barton Extensions Apt. 510 Horaciomouth, MD 19151","fadel.kariane","","","","","","","",""
"","2","postal_code","374924","3749","fadel.kariane","","","","","","","",""
"","","","","","","","","","","","","",""
"3","3","fadel.kariane","claudia19@example.org","Verda","Goyette","54515 Vivian Heights East Nathanielhaven, VT 38055-2716","North Keeley","585","300710","1787363487","2019-04-09 14:19:19","Active","09-Apr-2019 14:39"
"4","4","jerrell74","xweber@example.com","Dexter","Streich","537 Alfreda Unions Suite 398 Monahanmouth, IA 80041-5052","Bednarmouth","822","426677","9224109137","2019-04-09 14:19:19","Active",""
"5","5","bartell.dexter","allie.dach@example.net","Abbie","Bashirian","26142 Roderick Grove Apt. 953 Grahamstad, TN 56979","Julienmouth","326","410037","4343136821","2019-04-09 14:19:19","Active",""
"6","6","zkeeling","svonrueden@example.com","Marcelo","Bins","31758 Volkman Lodge Nolafurt, PA 12187-8037","Magalishire","120","815909","2953734610","2019-04-09 14:19:19","Active",""
"7","7","thand","justyn.hyatt@example.net","Van","Reynolds","77355 Upton Squares Lake Lailaside, IL 20033","Lexiport","222","945642","6791308957","2019-04-09 14:19:19","Active",""
"8","8","marks.carmella","brice50@example.com","Seth","Jacobson","83200 Mya Corner Apt. 564 New Tamia, WY 88100","Kattieville","847","621889","4991299990","2019-04-09 14:19:19","Active",""
"9","9","augusta91","malachi.hyatt@example.com","Xzavier","Nienow","7487 Jaskolski Plains Javonteland, CO 03351-3247","East Eda","954","436316","3757961443","2019-04-09 14:19:19","Active",""
"10","10","gerlach.hayden","jerry.reilly@example.org","Erik","Weimann","27329 Tania Inlet Apt. 655 Parisianmouth, WI 24114","West Giovani","100","353638","7549203690","2019-04-09 14:19:19","Active",""
"11","11","huel.jessyca","carroll.yvette@example.com","Kennedy","Reynolds","503 Barrows Creek New Daltonburgh, TN 83866","Paucektown","443","692013","9128100076","2019-04-09 14:19:19","Active",""
"12","12","becker.makenna","douglas.turner@example.net","Naomie","McLaughlin","28755 Twila Lane Apt. 355 West Antoniastad, WI 48331","Heidenreichberg","551","222232","9015679724","2019-04-09 14:19:19","Active",""
"13","13","okuhic","zschmidt@example.com","Braxton","Cole","7442 Charles Branch New Vellatown, MA 89004-9414","Rowestad","817","227558","7063470471","2019-04-09 14:19:19","Active",""
"14","14","ereynolds","annabell.mills@example.net","Maudie","Abernathy","862 Towne Junctions Apt. 759 New Lincolnshire, RI 39456","North Claudinehaven","797","209815","3097731839","2019-04-09 14:19:19","Active",""
"15","15","abbie.quigley","myrna71@example.net","Augusta","Schuppe","21519 Kautzer Haven Schneiderside, VT 48867","West Lydatown","330","129896","6851880908","2019-04-09 14:19:19","Active",""
"16","16","edgardo.mayer","quigley.tessie@example.com","Dallin","Hermiston","956 Wilson Ramp Apt. 195 Sawaynland, AL 81833-7349","Port Nathaniel","248","362284","3936781938","2019-04-09 14:19:20","Active",""
"17","17","iswift","block.avery@example.org","Bettie","Jones","991 Cortez River Port Kaitlynmouth, ID 02957","Schuppeburgh","565","8910","5350753049","2019-04-09 14:19:20","Active",""
"18","18","graham.amy","kuphal.troy@example.org","Rodger","Langworth","4313 Kacey Ridges Warrenbury, NC 17764","Derekshire","587","992095","7810507294","2019-04-09 14:19:20","Active",""
"19","19","dereck23","veum.sophia@example.com","Jaiden","Terry","4149 Herman Motorway Marleeview, MN 20990-9006","Sammieville","606","32026","6964403326","2019-04-09 14:19:20","Active",""
"20","20","jacey27","jalon42@example.com","Don","Waters","363 Olson Motorway Ryanchester, FL 31260-4531","Yvettebury","45","408752","2082574382","2019-04-09 14:19:20","Active",""
"21","21","lratke","uhermiston@example.org","Magali","Cronin","44890 Boyer Vista New Tania, KS 10353","East Austen","541","590949","2085376386","2019-04-09 14:19:20","Active",""
"22","22","wiegand.jeffery","runte.gloria@example.com","Kim","Huel","13355 McCullough Manor Suite 845 North Curt, MO 15699-7449","Baumbachborough","626","438374","1240591109","2019-04-09 14:19:20","Active",""
"23","23","keeling.leonora","hermiston.leonora@example.com","Uriel","King","3208 Douglas Canyon Port Bellborough, MD 02780","Koeppstad","71","699827","3721221490","2019-04-09 14:19:20","Active",""
"24","24","rgusikowski","zpagac@example.com","Payton","Langosh","491 Percival Ridge Stehrside, LA 25872","New Jan","436","568725","3571694552","2019-04-09 14:19:20","Active",""
"25","25","liana61","ohegmann@example.org","Katrine","White","2533 Kirlin Path Nolanland, ND 78808-6568","South Tysonton","43","484222","6742224308","2019-04-09 14:19:20","Active",""
"26","26","ehayes","christ50@example.net","Glenda","Pagac","609 Haley Lane South Aletha, NC 29308-1583","Hellerborough","419","809364","6459513299","2019-04-09 14:19:20","Active",""
"27","27","rosella45","wilfrid76@example.org","Laura","Armstrong","642 Jaqueline Garden West Bradley, CA 73733","East Georgetteborough","390","617432","1658196117","2019-04-09 14:19:20","Active",""
"28","28","lind.nellie","rohan.ardith@example.org","Retha","Cremin","28953 Grant Pass Apt. 949 Deondrechester, VA 43980-2805","Myriambury","241","961595","1808124519","2019-04-09 14:19:20","Active",""
"29","29","hahn.lindsey","julien81@example.com","Marcellus","McClure","802 Wilma Throughway Lake Gwendolyn, MN 42257-6018","Lake Thea","578","164068","6321698304","2019-04-09 14:19:20","Active",""
"30","30","elisa.sauer","rosenbaum.gideon@example.org","Kelsie","Orn","486 Jedidiah Turnpike North Dahliaberg, NV 86056","Boscobury","185","197149","4404411174","2019-04-09 14:19:20","Active",""
"31","31","stamm.alexandra","kautzer.guadalupe@example.net","Ella","Robel","5488 Tremblay Junctions Gretamouth, SC 81119-3401","Dickenstown","7","435948","2778359518","2019-04-09 14:19:20","Active",""
"32","32","torphy.reta","olen.rosenbaum@example.com","Kathleen","Miller","423 Lilyan Mews Apt. 434 Elinoreborough, TN 89750-4018","East Johnnymouth","786","737390","6803801053","2019-04-09 14:19:20","Active",""
"33","33","oconnell.dawn","marie.hamill@example.org","Braxton","Rosenbaum","8854 Koepp Oval Lake Mckenziemouth, CO 23784-4092","South Kathrynetown","204","895966","5773381338","2019-04-09 14:19:20","Active",""
"34","34","steuber.ida","fthiel@example.org","Jaiden","Berge","901 Kemmer Mission Conroymouth, DC 95798-7043","Muhammadmouth","398","111641","3571213572","2019-04-09 14:19:20","Active",""
"35","35","hledner","yschuster@example.org","Raegan","Huels","1340 Ferry Underpass West Elvis, KS 92304","Connellyside","451","133588","1355538642","2019-04-09 14:19:20","Active",""
"36","36","kamron77","ivah44@example.net","Ivy","Bayer","284 Boyer Valley East Kelvinhaven, DC 13790","Chelseaville","643","845114","6326424869","2019-04-09 14:19:21","Active",""
"","Sr No","Field Name","Old Value","Modified Value","Modified By","","","","","","","",""
"","1","address","284 Boyer Valley East Kelvinhaven, DC 13790","284 Boyer Valley East Kelvinhaven, DC 13790","mikayla.pagac","","","","","","","",""
"","","","","","","","","","","","","",""
"37","37","ebeier","jaiden.goodwin@example.org","Ruben","Champlin","967 Arnaldo Ranch Colleenland, KY 18670-9173","New Nellaville","349","342013","6382790362","2019-04-09 14:19:21","InActive",""
"38","38","considine.cortez","zrunolfsson@example.com","Benjamin","Schneider","90633 Watson Creek Apt. 652 Wuckertshire, HI 46788-0618","Abernathybury","177","783350","2682002490","2019-04-09 14:19:21","InActive",""
"39","39","swift.candace","beryl.stracke@example.org","Wendell","Windler","63305 Abbott Station Suite 416 Kaelaborough, OR 76114-5214","Konopelskifort","966","686217","7598223249","2019-04-09 14:19:21","Active",""
"40","40","valentine.aufderhar","ekohler@example.org","Luis","Murphy","22846 Schuster Course Suite 481 Bartellchester, GA 15218","Port Maeganfort","970","656241","9812826787","2019-04-09 14:19:21","Active",""
"41","41","kutch.ignatius","drempel@example.com","Kim","Paucek","905 Hartmann Pines Nelsshire, MI 10062","Julianville","215","439838","4089217883","2019-04-09 14:19:21","Active",""
"42","43","goodwin.chester","terrell52@example.org","Willy","Kuphal","1841 Keyon Plains Rebekahshire, FL 29244-9175","East Lolaport","563","916746","8764894320","2019-04-09 14:19:21","Active",""
"43","44","taylor58","yessenia.rutherford@example.com","Maxine","Abshire","230 Jaunita Canyon Apt. 759 Kovacekport, ID 66244-3801","Port Gilberto","87666","806122","5623662366","2019-04-09 14:19:21","InActive",""
"","Sr No","Field Name","Old Value","Modified Value","Modified By","","","","","","","",""
"","1","address","230 Jaunita Canyon Apt. 759 Kovacekport, ID 66244-3801","230 Jaunita Canyon Apt. 759 Kovacekport, ID 66244-3801","fadel.kariane","","","","","","","",""
"","2","house_number","876","87666","fadel.kariane","","","","","","","",""
"","3","postal_code","806126","806122","fadel.kariane","","","","","","","",""
"","","","","","","","","","","","","",""
"44","46","kling.jarred","devon.durgan@example.com","Vena","Schiller","73711 Susanna Burgs Suite 865 New Estellville, NY 92776","Lake Lomaberg","883","535706","1901289642","2019-04-09 14:19:21","Active",""
"45","47","kathryn.lindgren","volkman.angie@example.com","Ambrose","Weber","71465 Marisol Brooks Angelstad, NM 26736","West Gretchen","751","843593","3036035908","2019-04-09 14:19:21","Active",""
"46","48","tjacobson","laurine.altenwerth@example.net","Alessia","Trantow","319 Nathanial Meadow Marvinport, WA 03123","Lake Hanna","97","830227","6760775772","2019-04-09 14:19:21","Active",""
"","Sr No","Field Name","Old Value","Modified Value","Modified By","","","","","","","",""
"","1","address","319 Nathanial Meadow Marvinport, WA 03123","319 Nathanial Meadow Marvinport, WA 03123","fadel.kariane","","","","","","","",""
"","2","house_number","976","97","fadel.kariane","","","","","","","",""
"","","","","","","","","","","","","",""
"47","49","ozella.stehr","ryan.ludwig@example.net","Ena","Kris","31866 Grady Curve Apt. 582 Spencerberg, MA 27739","East Reilly","723","416019","1762074110","2019-04-09 14:19:21","Active",""
"48","50","harvey.david","julian02@example.com","Roma","Jaskolski","68467 Keeling Pine Apt. 050 Port Haven, HI 45562","Bechtelarchester","603","368100","2872298160","2019-04-09 14:19:21","Active",""
"49","51","Aditya A","adikh@gmail.com","Aditya","Khade","ashiye","kankavli","6555","416602","9960328888","2019-04-09 14:34:23","InActive",""
